[
  {
    "id":1,
    "name":"Lehangha Choli",
    "price":&#8377;1356,
    "image":"c1.jpeg"
  },
  {
    "id":2,
    "name":"Lehangha Choli",
    "price":&#8377;1356,
    "image":"c1.jpeg"
  },
  {
    "id":3,
    "name":"Lehangha Choli",
    "price":&#8377;1356,
    "image":"c1.jpeg"
  },
  {
    "id":4,
    "name":"Lehangha Choli",
    "price":&#8377;1356,
    "image":"c1.jpeg"
  },
  {
    "id":5,
    "name":"Lehangha Choli",
    "price":&#8377;1356,
    "image":"c1.jpeg"
  },
  {
    "id":6,
    "name":"Lehangha Choli",
    "price":&#8377;1356,
    "image":"c1.jpeg"
  },